<?xml version="1.0" encoding="utf-8"?>
<!--/239347/215985/2.49/2/3/Connector/-->
<quadcept_library>
  <setting unit="mil" />
  <textstyle name="Default" height="47.244094488189" strokewidth="7.8740157480315" charwidth="47.244094488189" />
  <textstyle name="Dimension" height="19.6850393700787" strokewidth="0" charwidth="19.6850393700787" />
  <textstyle name="H127W0635TH00762" height="50" strokewidth="3" charwidth="25" />
  <textstyle name="H15W15TH02" height="59.0551181102362" strokewidth="7.8740157480315" charwidth="59.0551181102362" />
  <padstyle name="c135_h90" surface="False" plated="True" isvia="False" nopaste="True" nomask="True" complex="False" holesize="35.433070866141">
    <padshape layer="TOP" shape="round" width="53.149606299212" height="53.149606299212" />
    <padshape layer="TOP_SOLDER_MASK" shape="round" width="61.023622047243" height="61.023622047243" />
    <padshape layer="INNER" shape="round" width="53.149606299212" height="53.149606299212" />
    <padshape layer="BOTTOM" shape="round" width="53.149606299212" height="53.149606299212" />
    <padshape layer="BOTTOM_SOLDER_MASK" shape="round" width="61.023622047243" height="61.023622047243" />
  </padstyle>
  <padstyle name="s135_h90" surface="False" plated="True" isvia="False" nopaste="True" nomask="True" complex="False" holesize="35.433070866141">
    <padshape layer="TOP" shape="square" width="53.149606299212" height="53.149606299212" />
    <padshape layer="TOP_SOLDER_MASK" shape="square" width="61.023622047243" height="61.023622047243" />
    <padshape layer="INNER" shape="round" width="53.149606299212" height="53.149606299212" />
    <padshape layer="BOTTOM" shape="square" width="53.149606299212" height="53.149606299212" />
    <padshape layer="BOTTOM_SOLDER_MASK" shape="square" width="61.023622047243" height="61.023622047243" />
  </padstyle>
  <footprint name="SHDR2W50P0X200_1X2_590X450X600P" originx="0" originy="0" pickpointx="0" pickpointy="0">
    <pcbpin number="1" name="1" style="s135_h90" originx="0" originy="0" rotation="90" />
    <pcbpin number="2" name="2" style="c135_h90" originx="-78.740157480314" originy="0" rotation="90" />
    <line layer="TOP_PLACE_BOUND" originx="86.614173228345" originy="-76.771653543306" endx="-165.35433070866" endy="-76.771653543306" width="1.9685039370079" />
    <line layer="TOP_PLACE_BOUND" originx="-165.35433070866" originy="-76.771653543306" endx="-165.35433070866" endy="120.07874015748" width="1.9685039370079" />
    <line layer="TOP_PLACE_BOUND" originx="-165.35433070866" originy="120.07874015748" endx="86.614173228345" endy="120.07874015748" width="1.9685039370079" />
    <line layer="TOP_PLACE_BOUND" originx="86.614173228345" originy="120.07874015748" endx="86.614173228345" endy="-76.771653543306" width="1.9685039370079" />
    <line layer="TOP_ASSEMBLY" originx="76.771653543306" originy="-66.929133858267" endx="-155.51181102362" endy="-66.929133858267" width="3.9370078740157" />
    <line layer="TOP_ASSEMBLY" originx="-155.51181102362" originy="-66.929133858267" endx="-155.51181102362" endy="110.23622047244" width="3.9370078740157" />
    <line layer="TOP_ASSEMBLY" originx="-155.51181102362" originy="110.23622047244" endx="76.771653543306" endy="110.23622047244" width="3.9370078740157" />
    <line layer="TOP_ASSEMBLY" originx="76.771653543306" originy="110.23622047244" endx="76.771653543306" endy="-66.929133858267" width="3.9370078740157" />
    <line layer="TOP_SILKSCREEN" originx="0" originy="-66.929133858267" endx="-155.51181102362" endy="-66.929133858267" width="7.8740157480314" />
    <line layer="TOP_SILKSCREEN" originx="-155.51181102362" originy="-66.929133858267" endx="-155.51181102362" endy="110.23622047244" width="7.8740157480314" />
    <line layer="TOP_SILKSCREEN" originx="-155.51181102362" originy="110.23622047244" endx="76.771653543306" endy="110.23622047244" width="7.8740157480314" />
    <line layer="TOP_SILKSCREEN" originx="76.771653543306" originy="110.23622047244" endx="76.771653543306" endy="0" width="7.8740157480314" />
  </footprint>
  <symbol name="B2B-PH-K-S_LF__SN_" originx="0" originy="0">
    <line originx="200" originy="100" endx="600" endy="100" width="0" />
    <line originx="600" originy="-200" endx="600" endy="100" width="0" />
    <line originx="600" originy="-200" endx="200" endy="-200" width="0" />
    <line originx="200" originy="100" endx="200" endy="-200" width="0" />
    <sympin number="1" originx="200" originy="0" rotation="180" length="100" width="7.8740157480315" flipped="False">
      <text name="pinname" originx="230" originy="0" style="Default" rotation="0" justify="left" flipped="False" hidden="False" data="1" />
      <text name="pindes" originx="140" originy="20" style="Default" rotation="0" justify="lowerright" flipped="False" hidden="False" data="1" />
    </sympin>
    <sympin number="2" originx="200" originy="-100" rotation="180" length="100" width="7.8740157480315" flipped="False">
      <text name="pinname" originx="230" originy="-100" style="Default" rotation="0" justify="left" flipped="False" hidden="False" data="2" />
      <text name="pindes" originx="140" originy="-80" style="Default" rotation="0" justify="lowerright" flipped="False" hidden="False" data="2" />
    </sympin>
  </symbol>
  <component name="B2B-PH-K-S_LF__SN_" designatorprefix="J" height="236.22047244094" footprint="SHDR2W50P0X200_1X2_590X450X600P">
    <comppin designator="1" sympin="1" pinswap="0" gateswap="0" gate="1" group="1" side="" type="Any" name="1" />
    <comppin designator="2" sympin="2" pinswap="0" gateswap="0" gate="1" group="1" side="" type="Any" name="2" />
    <attached_symbol gate="1" name="B2B-PH-K-S_LF__SN_" />
    <pinmap designator="1" footprintpin="1" />
    <pinmap designator="2" footprintpin="2" />
    <text name="Datasheet" originx="0" originy="0" style="Default" rotation="0" justify="" flipped="False" hidden="True" data="http://www.jst-mfg.com/product/pdf/eng/ePH.pdf" />
    <text name="Description" originx="0" originy="0" style="Default" rotation="0" justify="" flipped="False" hidden="True" data="PH-2.0mm Header top entry 2 way JST PH Series, Series Number B2B, 2mm Pitch 2 Way 1 Row Straight PCB Header, Through Hole Termination, 2A" />
    <text name="Manufacturer_Name" originx="0" originy="0" style="Default" rotation="0" justify="" flipped="False" hidden="True" data="JST (JAPAN SOLDERLESS TERMINALS)" />
    <text name="Manufacturer_Part_Number" originx="650" originy="200" style="Default" rotation="0" justify="left" flipped="False" hidden="False" data="B2B-PH-K-S(LF)(SN)" />
    <text name="Mouser Part Number" originx="0" originy="0" style="Default" rotation="0" justify="" flipped="False" hidden="True" data="" />
    <text name="Mouser Price/Stock" originx="0" originy="0" style="Default" rotation="0" justify="" flipped="False" hidden="True" data="" />
    <text name="Arrow Part Number" originx="0" originy="0" style="Default" rotation="0" justify="" flipped="False" hidden="True" data="" />
    <text name="Arrow Price/Stock" originx="0" originy="0" style="Default" rotation="0" justify="" flipped="False" hidden="True" data="" />
  </component>
</quadcept_library>
